{
  "d_ff": 512,
  "d_model": 1024,
  "dropout": 0.1719448060705656,
  "label_smoothing": 0.10185172934656257,
  "lr": 7.395164674236903e-05,
  "max_grad_norm": 0.5567343870849217,
  "num_heads": 4,
  "num_layers": 3
}