{
  "d_ff": 512,
  "d_model": 128,
  "dropout": 0.26321044463952015,
  "label_smoothing": 0.007546009300591861,
  "lr": 1.0668018061027958e-05,
  "max_grad_norm": 0.9054787120070159,
  "num_heads": 4,
  "num_layers": 3
}