{
  "d_ff": 1024,
  "d_model": 256,
  "dropout": 0.27119126273901606,
  "label_smoothing": 0.014005492657761388,
  "lr": 0.0004197711726342262,
  "max_grad_norm": 1.1819095309366932,
  "num_heads": 16,
  "num_layers": 6
}