{
  "d_ff": 1024,
  "d_model": 128,
  "dropout": 0.11346637174767767,
  "label_smoothing": 0.058251945568135156,
  "lr": 3.996265049322508e-05,
  "max_grad_norm": 0.9424543875092384,
  "num_heads": 16,
  "num_layers": 3
}