{
  "d_ff": 512,
  "d_model": 256,
  "dropout": 0.11155789361153426,
  "label_smoothing": 0.023705311231216178,
  "lr": 5.467678521521701e-05,
  "max_grad_norm": 1.8792014007414197,
  "num_heads": 16,
  "num_layers": 6
}