{
  "d_ff": 512,
  "d_model": 128,
  "dropout": 0.21404304809404834,
  "label_smoothing": 0.0008008147200706972,
  "lr": 0.00031050988283798424,
  "max_grad_norm": 1.1190287094689317,
  "num_heads": 8,
  "num_layers": 4
}