{
  "d_ff": 512,
  "d_model": 256,
  "dropout": 0.2409509247523871,
  "label_smoothing": 0.1597962701707452,
  "lr": 0.00019636926745895408,
  "max_grad_norm": 1.1858807632447355,
  "num_heads": 8,
  "num_layers": 4
}