{
  "d_ff": 2048,
  "d_model": 512,
  "dropout": 0.1748411748952818,
  "label_smoothing": 0.06307548825719538,
  "lr": 1.4970516855442997e-05,
  "max_grad_norm": 1.5502464380383165,
  "num_heads": 8,
  "num_layers": 6
}