{
  "d_ff": 2048,
  "d_model": 128,
  "dropout": 0.1098548696285935,
  "label_smoothing": 0.16279861629734338,
  "lr": 2.5218865688915173e-05,
  "max_grad_norm": 0.7224651862944955,
  "num_heads": 4,
  "num_layers": 6
}