{
  "d_ff": 2048,
  "d_model": 256,
  "dropout": 0.23108770927630673,
  "label_smoothing": 0.12232974074328765,
  "lr": 0.00030606187821627915,
  "max_grad_norm": 1.4692108213332742,
  "num_heads": 8,
  "num_layers": 6
}