{
  "d_ff": 512,
  "d_model": 512,
  "dropout": 0.17169417404159287,
  "label_smoothing": 0.046488320652335394,
  "lr": 0.00010308383409755042,
  "max_grad_norm": 1.039369981751591,
  "num_heads": 4,
  "num_layers": 6
}