{
  "d_ff": 2048,
  "d_model": 128,
  "dropout": 0.21535021538942753,
  "label_smoothing": 0.1072214737821474,
  "lr": 5.139213797692972e-05,
  "max_grad_norm": 1.6155227856135295,
  "num_heads": 4,
  "num_layers": 3
}