{
  "d_ff": 1024,
  "d_model": 256,
  "dropout": 0.27022060288819105,
  "label_smoothing": 0.15320473245146796,
  "lr": 0.0001526033486164374,
  "max_grad_norm": 1.9437525690566184,
  "num_heads": 16,
  "num_layers": 4
}