{
  "d_ff": 2048,
  "d_model": 128,
  "dropout": 0.187811047188358,
  "label_smoothing": 0.016246558466073303,
  "lr": 4.132664436773373e-05,
  "max_grad_norm": 1.5693557317159623,
  "num_heads": 4,
  "num_layers": 6
}