{
  "d_ff": 1024,
  "d_model": 128,
  "dropout": 0.2148210340013379,
  "label_smoothing": 0.03182957428072273,
  "lr": 0.0009511240942674938,
  "max_grad_norm": 0.5489493544013446,
  "num_heads": 16,
  "num_layers": 4
}