{
  "d_ff": 1024,
  "d_model": 256,
  "dropout": 0.2036021987310962,
  "label_smoothing": 0.08740122112257012,
  "lr": 9.79094712010049e-05,
  "max_grad_norm": 0.5968945699022987,
  "num_heads": 8,
  "num_layers": 3
}