{
  "d_ff": 1024,
  "d_model": 128,
  "dropout": 0.18953066758095358,
  "label_smoothing": 0.000949605759638339,
  "lr": 0.0004800819901770108,
  "max_grad_norm": 0.5246939924778026,
  "num_heads": 16,
  "num_layers": 3
}