{
  "d_ff": 1024,
  "d_model": 512,
  "dropout": 0.195209384717619,
  "label_smoothing": 0.05909389091753792,
  "lr": 4.5449811307343143e-05,
  "max_grad_norm": 0.745592364890574,
  "num_heads": 4,
  "num_layers": 3
}