{
  "d_ff": 512,
  "d_model": 512,
  "dropout": 0.16717782273376244,
  "label_smoothing": 0.19554258227189908,
  "lr": 4.570342951514676e-05,
  "max_grad_norm": 0.940606414262847,
  "num_heads": 16,
  "num_layers": 6
}