{
  "d_ff": 512,
  "d_model": 512,
  "dropout": 0.20062827780827386,
  "label_smoothing": 0.05824263804845695,
  "lr": 2.1082359279474118e-05,
  "max_grad_norm": 1.0897568302901626,
  "num_heads": 8,
  "num_layers": 4
}