{
  "d_ff": 1024,
  "d_model": 512,
  "dropout": 0.2149547339648726,
  "label_smoothing": 0.1930114196269709,
  "lr": 2.1114144749871436e-05,
  "max_grad_norm": 1.0306839944334083,
  "num_heads": 4,
  "num_layers": 6
}