{
  "d_ff": 1024,
  "d_model": 256,
  "dropout": 0.10631341662111866,
  "label_smoothing": 0.007223604348298274,
  "lr": 3.651681885144258e-05,
  "max_grad_norm": 1.5449731629774393,
  "num_heads": 4,
  "num_layers": 6
}