{
  "d_ff": 1024,
  "d_model": 1024,
  "dropout": 0.28566851489659917,
  "label_smoothing": 0.12078259838685489,
  "lr": 1.9106968359307765e-05,
  "max_grad_norm": 1.5070950184614051,
  "num_heads": 8,
  "num_layers": 6
}