{
  "d_ff": 512,
  "d_model": 256,
  "dropout": 0.28993121416336454,
  "label_smoothing": 0.17291832023489348,
  "lr": 0.0003137218597656505,
  "max_grad_norm": 1.0846114254754058,
  "num_heads": 16,
  "num_layers": 6
}