{
  "d_ff": 1024,
  "d_model": 512,
  "dropout": 0.2857216273435579,
  "label_smoothing": 0.05253076252761207,
  "lr": 0.0009854370322574814,
  "max_grad_norm": 0.7630212275694701,
  "num_heads": 8,
  "num_layers": 4
}