{
  "d_ff": 1024,
  "d_model": 128,
  "dropout": 0.22220267172832617,
  "label_smoothing": 0.04191478711889851,
  "lr": 2.097861339247459e-05,
  "max_grad_norm": 1.8821396795636125,
  "num_heads": 16,
  "num_layers": 4
}