{
  "d_ff": 1024,
  "d_model": 512,
  "dropout": 0.13281263787462655,
  "label_smoothing": 0.033137038320401026,
  "lr": 0.00011072626007873502,
  "max_grad_norm": 1.995801417238702,
  "num_heads": 16,
  "num_layers": 4
}