{
  "d_ff": 512,
  "d_model": 512,
  "dropout": 0.10373767591912142,
  "label_smoothing": 0.03192185583569671,
  "lr": 0.00011203094831258644,
  "max_grad_norm": 1.7580243311683532,
  "num_heads": 8,
  "num_layers": 6
}