{
  "d_ff": 512,
  "d_model": 128,
  "dropout": 0.12862034493065094,
  "label_smoothing": 0.00011095156491192082,
  "lr": 0.00012749261253345586,
  "max_grad_norm": 0.5791361321728953,
  "num_heads": 8,
  "num_layers": 6
}