{
  "d_ff": 1024,
  "d_model": 256,
  "dropout": 0.1706542826943998,
  "label_smoothing": 0.05906422217349146,
  "lr": 0.0002099944378968546,
  "max_grad_norm": 1.6570369994599818,
  "num_heads": 4,
  "num_layers": 3
}