{
  "d_ff": 1024,
  "d_model": 256,
  "dropout": 0.10007596359486244,
  "label_smoothing": 0.18998553258580464,
  "lr": 2.0348026614309012e-05,
  "max_grad_norm": 1.0420331122928617,
  "num_heads": 8,
  "num_layers": 4
}