{
  "d_ff": 512,
  "d_model": 1024,
  "dropout": 0.28097033512543884,
  "label_smoothing": 0.026424294872700173,
  "lr": 0.00016265823737766398,
  "max_grad_norm": 1.665308313448754,
  "num_heads": 4,
  "num_layers": 3
}